100000000,1.00296209899342
100490805.860998,1.00296209434202
100984020.625929,1.00296208964484
101479656.117833,1.00296208490145
101977724.21778,1.00296208011138
102478236.865153,1.00296207527418
102981206.057935,1.00296207038937
103486643.852994,1.0029620654565
103994562.366376,1.00296206047509
104504973.773589,1.00296205544466
105017890.309905,1.00296205036473
105533324.270642,1.00296204523481
106051288.011469,1.00296204005441
106571793.948694,1.00296203482304
107094854.559565,1.00296202954019
107620482.382571,1.00296202420536
108148690.01774,1.00296201881803
108679490.12694,1.00296201337768
109212895.434185,1.00296200788381
109748918.725943,1.00296200233587
110287572.851432,1.00296199673334
110828870.72294,1.00296199107568
111372825.316126,1.00296198536234
111919449.670337,1.00296197959279
112468756.888916,1.00296197376646
113020760.139519,1.0029619678828
113575472.654428,1.00296196194125
114132907.730873,1.00296195594123
114693078.731344,1.00296194988216
115255999.083917,1.00296194376348
115821682.282573,1.00296193758459
116390141.887523,1.00296193134489
116961391.525531,1.0029619250438
117535444.890244,1.0029619186807
118112315.742515,1.00296191225498
118692017.910741,1.00296190576604
119274565.291184,1.00296189921324
119859971.848313,1.00296189259597
120448251.615136,1.00296188591357
121039418.693533,1.00296187916543
121633487.254599,1.00296187235088
122230471.538981,1.00296186546927
122830385.857221,1.00296185851995
123433244.590095,1.00296185150224
124039062.188963,1.00296184441548
124647853.176114,1.00296183725898
125259632.145111,1.00296183003206
125874413.761144,1.00296182273403
126492212.761381,1.00296181536418
127113043.955321,1.00296180792182
127736922.225147,1.00296180040622
128363862.526087,1.00296179281666
128993879.886769,1.00296178515242
129626989.409582,1.00296177741277
130263206.27104,1.00296176959695
130902545.722143,1.00296176170422
131545023.088743,1.00296175373383
132190653.771914,1.00296174568501
132839453.248319,1.00296173755699
133491437.07058,1.00296172934899
134146620.867653,1.00296172106021
134805020.345203,1.00296171268988
135466651.285977,1.00296170423718
136131529.550187,1.0029616957013
136799671.075886,1.00296168708143
137471091.879353,1.00296167837674
138145808.055475,1.00296166958639
138823835.778135,1.00296166070954
139505191.300596,1.00296165174535
140189890.955897,1.00296164269294
140877951.157236,1.00296163355146
141569388.39837,1.00296162432002
142264219.254009,1.00296161499774
142962460.380211,1.00296160558373
143664128.514785,1.00296159607709
144369240.477687,1.0029615864769
145077813.17143,1.00296157678224
145789863.581484,1.00296156699218
146505408.776683,1.00296155710579
147224465.909639,1.00296154712212
147947052.217147,1.0029615370402
148673185.020603,1.00296152685907
149402881.726417,1.00296151657776
150136159.826431,1.00296150619529
150873036.898337,1.00296149571064
151613530.6061,1.00296148512283
152357658.700381,1.00296147443083
153105439.018963,1.00296146363361
153856889.487175,1.00296145273016
154612028.118328,1.0029614417194
155370873.014141,1.00296143060031
156133442.365179,1.00296141937179
156899754.451286,1.00296140803279
157669827.642025,1.00296139658221
158443680.397118,1.00296138501896
159221331.266888,1.00296137334192
160002798.892705,1.00296136154997
160788102.007432,1.00296134964199
161577259.435873,1.00296133761684
162370290.095225,1.00296132547335
163167212.995532,1.00296131321037
163968047.240142,1.00296130082672
164772812.026161,1.00296128832122
165581526.644917,1.00296127569266
166394210.482421,1.00296126293983
167210883.019831,1.00296125006151
168031563.833919,1.00296123705646
168856272.597543,1.00296122392345
169685029.080115,1.0029612106612
170517853.148077,1.00296119726845
171354764.765376,1.00296118374391
172195783.993945,1.00296117008629
173040930.994179,1.00296115629428
173890226.025425,1.00296114236655
174743689.446461,1.00296112830177
175601341.715989,1.00296111409859
176463203.393123,1.00296109975564
177329295.137881,1.00296108527157
178199637.711685,1.00296107064496
179074251.977852,1.00296105587443
179953158.902098,1.00296104095855
180836379.553042,1.0029610258959
181723935.102705,1.00296101068503
182615846.827026,1.00296099532448
183512136.106365,1.00296097981278
184412824.426018,1.00296096414845
185317933.376734,1.00296094832997
186227484.655228,1.00296093235584
187141500.064706,1.00296091622452
188060001.515384,1.00296089993447
188983011.025015,1.00296088348412
189910550.719416,1.00296086687189
190842642.833001,1.0029608500962
191779309.70931,1.00296083315543
192720573.801546,1.00296081604796
193666457.673113,1.00296079877216
194616983.998161,1.00296078132635
195572175.562122,1.00296076370888
196532055.262262,1.00296074591805
197496646.10823,1.00296072795215
198465971.222605,1.00296070980947
199440053.841453,1.00296069148826
200418917.314885,1.00296067298676
201402585.107616,1.00296065430321
202391080.799526,1.00296063543581
203384428.086228,1.00296061638275
204382650.779633,1.00296059714221
205385772.808523,1.00296057771234
206393818.219125,1.00296055809127
207406811.175682,1.00296053827713
208424775.961043,1.00296051826802
209447736.977232,1.00296049806201
210475718.746044,1.00296047765717
211508745.909628,1.00296045705155
212546843.231077,1.00296043624317
213590035.595022,1.00296041523002
214638348.008231,1.00296039401011
215691805.600206,1.00296037258139
216750433.623785,1.0029603509418
217814257.455749,1.00296032908928
218883302.597432,1.00296030702173
219957594.675327,1.00296028473703
221037159.441705,1.00296026223304
222122022.775229,1.00296023950762
223212210.681578,1.00296021655857
224307749.294067,1.0029601933837
225408664.874275,1.00296016998079
226514983.812677,1.00296014634758
227626732.629269,1.00296012248183
228743937.974212,1.00296009838123
229866626.628468,1.00296007404348
230994825.50444,1.00296004946624
232128561.646619,1.00296002464716
233267862.232231,1.00295999958386
234412754.571893,1.00295997427393
235563266.110259,1.00295994871494
236719424.426688,1.00295992290446
237881257.235896,1.00295989683999
239048792.388626,1.00295987051905
240222057.872315,1.00295984393911
241401081.811763,1.00295981709761
242585892.469808,1.00295978999199
243776518.248006,1.00295976261965
244972987.687305,1.00295973497797
246175329.468737,1.00295970706428
247383572.414102,1.00295967887592
248597745.486657,1.00295965041018
249817877.791815,1.00295962166434
251043998.577839,1.00295959263564
252276137.236544,1.00295956332129
253514323.304001,1.00295953371848
254758586.461247,1.00295950382438
256008956.534996,1.00295947363611
257265463.498351,1.00295944315079
258528137.471524,1.00295941236549
259797008.722564,1.00295938127726
261072107.668073,1.00295934988312
262353464.87394,1.00295931818006
263641111.056074,1.00295928616503
264935077.081139,1.00295925383498
266235393.967294,1.00295922118679
267542092.884936,1.00295918821734
268855205.157453,1.00295915492347
270174762.261965,1.00295912130198
271500795.830086,1.00295908734966
272833337.648677,1.00295905306323
274172419.660614,1.00295901843943
275518073.96555,1.00295898347493
276870332.820681,1.00295894816637
278229228.641531,1.00295891251037
279594794.002714,1.00295887650351
280967061.638726,1.00295884014235
282346064.444724,1.00295880342338
283731835.477317,1.0029587663431
285124407.955358,1.00295872889794
286523815.26074,1.00295869108432
287930090.939195,1.00295865289861
289343268.701103,1.00295861433715
290763382.422292,1.00295857539624
292190466.144858,1.00295853607215
293624554.077975,1.00295849636111
295065680.598721,1.00295845625931
296513880.252893,1.0029584157629
297969187.755848,1.002958374868
299431637.993323,1.00295833357069
300901266.022278,1.00295829186702
302378107.071733,1.00295824975298
303862196.543617,1.00295820722453
305353570.013612,1.0029581642776
306852263.232007,1.00295812090807
308358312.124555,1.00295807711178
309871752.793338,1.00295803288453
311392621.517626,1.00295798822208
312920954.754751,1.00295794312015
314456789.140979,1.00295789757441
316000161.492391,1.0029578515805
317551108.805759,1.00295780513401
319109668.259443,1.00295775823048
320675877.214273,1.00295771086541
322249773.214448,1.00295766303427
323831393.988439,1.00295761473247
325420777.449887,1.00295756595538
327017961.698518,1.00295751669832
328622985.021052,1.00295746695657
330235885.892122,1.00295741672535
331856702.9752,1.00295736599985
333485475.123519,1.00295731477522
335122241.381003,1.00295726304653
336767040.98321,1.00295721080883
338419913.358267,1.00295715805711
340080898.127814,1.00295710478631
341750035.107961,1.00295705099132
343427364.310235,1.00295699666698
345112925.942542,1.00295694180809
346806760.410131,1.00295688640939
348508908.316563,1.00295683046557
350219410.464682,1.00295677397125
351938307.857597,1.00295671692103
353665641.699659,1.00295665930943
355401453.397459,1.00295660113093
357145784.560807,1.00295654237996
358898677.00374,1.00295648305087
360660172.74552,1.00295642313798
362430314.011642,1.00295636263555
364209143.234846,1.00295630153777
365996703.056134,1.00295623983879
367793036.325794,1.00295617753269
369598186.104425,1.0029561146135
371412195.663969,1.00295605107518
373235108.488751,1.00295598691164
375066968.276518,1.00295592211674
376907818.939488,1.00295585668425
378757704.605403,1.00295579060791
380616669.618589,1.00295572388137
382484758.541014,1.00295565649824
384362016.153359,1.00295558845207
386248487.456091,1.00295551973632
388144217.670544,1.0029554503444
390049252.239995,1.00295538026967
391963636.83077,1.00295530950541
393887417.333318,1.00295523804483
395820639.863325,1.00295516588107
397763350.762816,1.00295509300723
399715596.601263,1.0029550194163
401677424.176707,1.00295494510125
403648880.516874,1.00295487005493
405630012.880303,1.00295479427016
407620868.757488,1.00295471773967
409621495.872003,1.00295464045612
411631942.181652,1.00295456241211
413652255.879621,1.00295448360014
415682485.39563,1.00295440401267
417722679.397096,1.00295432364206
419772886.790295,1.0029542424806
421833156.721544,1.00295416052052
423903538.578368,1.00295407775396
425984081.99069,1.00295399417297
428074836.832021,1.00295390976956
430175853.220652,1.00295382453561
432287181.520859,1.00295373846297
434408872.344106,1.00295365154338
436540976.550268,1.00295356376851
438683545.248837,1.00295347512994
440836629.800153,1.00295338561917
443000281.81664,1.00295329522762
445174553.164036,1.00295320394662
447359495.962639,1.00295311176742
449555162.588554,1.00295301868119
451761605.67496,1.00295292467899
453978878.113353,1.00295282975183
456207033.054828,1.00295273389058
458446123.911349,1.00295263708607
460696204.357025,1.00295253932901
462957328.329407,1.00295244061003
465229550.030767,1.00295234091967
467512923.929415,1.00295224024836
469807504.760986,1.00295213858646
472113347.529763,1.00295203592421
474430507.509995,1.00295193225178
476759040.247218,1.00295182755922
479099001.559592,1.0029517218365
481450447.539229,1.00295161507348
483813434.553555,1.00295150725993
486188019.246641,1.0029513983855
488574258.540576,1.00295128843976
490972209.636822,1.00295117741217
493381930.017593,1.00295106529208
495803477.447227,1.00295095206875
498236909.97357,1.00295083773131
500682285.929377,1.00295072226881
503139663.9337,1.00295060567017
505609102.893294,1.00295048792422
508090662.004036,1.00295036901967
510584400.752337,1.00295024894512
513090378.916573,1.00295012768905
515608656.568513,1.00295000523984
518139294.074766,1.00294988158576
520682352.098221,1.00294975671493
523237891.599503,1.0029496306154
525805973.838438,1.00294950327507
528386660.375517,1.00294937468174
530980013.073374,1.00294924482307
533586094.098268,1.00294911368662
536204965.921573,1.00294898125981
538836691.32128,1.00294884752994
541481333.383495,1.0029487124842
544138955.503954,1.00294857610964
546809621.389543,1.00294843839318
549493395.059826,1.00294829932162
552190340.848576,1.00294815888163
554900523.405328,1.00294801705973
557624007.696913,1.00294787384234
560360859.009023,1.00294772921573
563111142.947781,1.00294758316602
565874925.441303,1.00294743567922
568652272.74129,1.00294728674118
571443251.424602,1.00294713633763
574247928.394874,1.00294698445415
577066370.884098,1.00294683107617
579898646.454248,1.00294667618899
582744822.998896,1.00294651977776
585604968.74484,1.00294636182749
588479152.253737,1.00294620232303
591367442.42375,1.0029460412491
594269908.491202,1.00294587859024
597186620.032227,1.00294571433086
600117646.964443,1.00294554845522
603063059.548631,1.00294538094741
606022928.390412,1.00294521179137
608997324.441946,1.0029450409709
611986319.003631,1.0029448684696
614989983.725806,1.00294469427094
618008390.610486,1.00294451835823
621041612.013064,1.00294434071459
624089720.644063,1.002944161323
627152789.570873,1.00294398016625
630230892.219502,1.00294379722699
633324102.376335,1.00294361248767
636432494.189914,1.00294342593057
639556142.172696,1.00294323753783
642695121.202855,1.00294304729136
645849506.52607,1.00294285517294
649019373.757329,1.00294266116415
652204798.882745,1.00294246524639
655405858.261374,1.00294226740087
658622628.627046,1.00294206760863
661855187.090209,1.00294186585052
665103611.13977,1.00294166210718
668367978.644956,1.0029414563591
671648367.857182,1.00294124858654
674944857.411925,1.00294103876959
678257526.330607,1.00294082688813
681586454.022501,1.00294061292185
684931720.286615,1.00294039685023
688293405.313619,1.00294017865257
691671589.687763,1.00293995830794
695066354.388812,1.00293973579522
698477780.79398,1.00293951109309
701905950.679886,1.00293928417999
705350946.224519,1.00293905503417
708812850.009197,1.00293882363367
712291745.020552,1.00293858995631
715787714.652521,1.00293835397968
719300842.708342,1.00293811568115
722831213.402565,1.0029378750379
726378911.363071,1.00293763202684
729944021.633095,1.00293738662468
733526629.673277,1.00293713880789
737126821.363698,1.00293688855273
740744683.005942,1.00293663583519
744380301.32517,1.00293638063105
748033763.472191,1.00293612291585
751705157.02556,1.00293586266488
755394569.993665,1.00293559985319
759102090.816858,1.00293533445559
762827808.369549,1.00293506644664
766571811.962352,1.00293479580064
770334191.344225,1.00293452249165
774115036.704617,1.00293424649348
777914438.675631,1.00293396777965
781732488.334203,1.00293368632346
785569277.204276,1.00293340209792
789424897.258998,1.00293311507579
793299440.922926,1.00293282522955
797193001.074243,1.00293253253142
801105671.046985,1.00293223695334
805037544.633274,1.00293193846698
808988716.085568,1.00293163704372
812959280.118932,1.00293133265467
816949331.913286,1.00293102527065
820958967.115704,1.00293071486219
824988281.8427,1.00293040139954
829037372.682534,1.00293008485265
833106336.697524,1.00292976519119
837195271.426385,1.00292944238449
841304274.886547,1.00292911640163
845433445.57652,1.00292878721135
849582882.478251,1.0029284547821
853752685.059493,1.00292811908202
857942953.276196,1.00292778007892
862153787.574899,1.0029274377403
866385288.895133,1.00292709203336
870637558.671858,1.00292674292496
874910698.837873,1.00292639038162
879204811.826272,1.00292603436957
883520000.572895,1.00292567485466
887856368.5188,1.00292531180245
892214019.612738,1.00292494517813
896593058.313643,1.00292457494656
900993589.593152,1.00292420107225
905415718.938095,1.00292382351937
909859552.353044,1.00292344225171
914325196.362846,1.00292305723275
918812758.015181,1.00292266842557
923322344.88312,1.00292227579291
927854065.067711,1.00292187929713
932408027.200575,1.00292147890023
936984340.446495,1.00292107456382
941583114.506044,1.00292066624916
946204459.618211,1.0029202539171
950848486.563046,1.00291983752813
955515306.664308,1.00291941704233
960205031.792153,1.0029189924194
964917774.365791,1.00291856361863
969653647.356194,1.00291813059894
974412764.288803,1.00291769331882
979195239.246249,1.00291725173635
984001186.871087,1.00291680580921
988830722.368544,1.00291635549465
993683961.509278,1.00291590074953
998561020.632167,1.00291544153025
1003462016.64707,1.00291497779279
1008387067.03767,1.00291450949271
1013336289.86424,1.00291403658514
1018309803.76652,1.00291355902473
1023307727.96653,1.00291307676572
1028330182.27143,1.00291258976189
1033377287.07644,1.00291209796656
1038449163.36763,1.0029116013326
1043545932.72493,1.0029110998124
1048667717.32496,1.00291059335791
1053814639.94399,1.00291008192058
1058986823.96089,1.00290956545139
1064184393.36009,1.00290904390086
1069407472.73453,1.00290851721898
1074656187.28866,1.00290798535528
1079930662.84146,1.0029074482588
1085231025.8294,1.00290690587805
1090557403.30955,1.00290635816105
1095909922.96254,1.00290580505532
1101288713.0957,1.00290524650785
1106693902.64609,1.00290468246509
1112125621.18359,1.00290411287301
1117583998.91402,1.00290353767701
1123069166.68227,1.00290295682196
1128581255.97542,1.0029023702522
1134120398.92587,1.00290177791153
1139686728.31458,1.00290117974316
1145280377.57416,1.00290057568978
1150901480.79216,1.00289996569349
1156550172.71421,1.00289934969585
1162226588.74728,1.00289872763781
1167930864.96293,1.00289809945977
1173663138.10058,1.00289746510153
1179423545.57075,1.00289682450229
1185212225.45841,1.00289617760067
1191029316.52622,1.00289552433468
1196874958.21794,1.0028948646417
1202749290.6617,1.00289419845854
1208652454.67339,1.00289352572134
1214584591.76002,1.00289284636564
1220545844.12316,1.00289216032634
1226536354.66229,1.0028914675377
1232556266.97825,1.00289076793334
1238605725.37668,1.00289006144621
1244684874.87149,1.00288934800862
1250793861.18832,1.0028886275522
1256932830.76804,1.00288790000792
1263101930.77026,1.00288716530605
1269301309.07686,1.00288642337621
1275531114.29554,1.0028856741473
1281791495.76336,1.00288491754752
1288082603.55035,1.00288415350438
1294404588.46308,1.00288338194468
1300757602.04829,1.00288260279447
1307141796.59652,1.00288181597911
1313557325.14577,1.0028810214232
1320004341.48516,1.00288021905061
1326483000.1586,1.00287940878447
1332993456.46853,1.00287859054713
1339535866.4796,1.0028777642602
1346110387.02246,1.00287692984451
1352717175.69747,1.00287608722012
1359356390.87852,1.00287523630627
1366028191.71681,1.00287437702146
1372732738.14465,1.00287350928336
1379470190.87931,1.00287263300881
1386240711.42687,1.00287174811387
1393044462.0861,1.00287085451377
1399881605.95233,1.00286995212287
1406752306.92138,1.00286904085474
1413656729.69348,1.00286812062206
1420595039.77721,1.00286719133667
1427567403.49349,1.00286625290955
1434573987.97954,1.00286530525078
1441614961.1929,1.00286434826958
1448690491.91546,1.00286338187426
1455800749.75751,1.00286240597225
1462945905.16178,1.00286142047006
1470126129.40755,1.00286042527327
1477341594.61475,1.00285942028655
1484592473.74809,1.00285840541361
1491878940.62118,1.00285738055724
1499201169.90075,1.00285634561927
1506559337.11078,1.00285530050054
1513953618.63673,1.00285424510094
1521384191.7298,1.00285317931938
1528851234.51112,1.00285210305375
1536354925.97604,1.00285101620096
1543895445.99847,1.00284991865691
1551472975.33511,1.00284881031645
1559087695.62986,1.00284769107342
1566739789.41812,1.00284656082061
1574429440.13118,1.00284541944976
1582156832.10063,1.00284426685154
1589922150.56276,1.00284310291555
1597725581.66304,1.0028419275303
1605567312.46051,1.00284074058321
1613447530.93233,1.0028395419606
1621366425.97828,1.00283833154765
1629324187.42525,1.00283710922844
1637321006.03179,1.00283587488589
1645357073.49276,1.00283462840178
1653432582.44381,1.00283336965672
1661547726.4661,1.00283209853017
1669702700.09088,1.00283081490037
1677897698.80417,1.00282951864439
1686132919.05146,1.00282820963809
1694408558.24239,1.0028268877561
1702724814.7555,1.00282555287182
1711081887.943,1.00282420485741
1719479978.1355,1.00282284358378
1727919286.64688,1.00282146892057
1736400015.77906,1.00282008073612
1744922368.82688,1.00281867889749
1753486550.08296,1.00281726327046
1762092764.84259,1.00281583371944
1770741219.40866,1.00281439010756
1779432121.09663,1.00281293229656
1788165678.23946,1.00281146014685
1796942100.19262,1.00280997351746
1805761597.33911,1.00280847226605
1814624381.09451,1.00280695624885
1823530663.91203,1.00280542532071
1832480659.28761,1.00280387933503
1841474581.76506,1.0028023181438
1850512646.94115,1.00280074159752
1859595071.47085,1.00279914954524
1868722073.07247,1.00279754183454
1877893870.53288,1.00279591831147
1887110683.71279,1.00279427882061
1896372733.55198,1.00279262320498
1905680242.07462,1.00279095130608
1915033432.39461,1.00278926296382
1924432528.72088,1.00278755801659
1933877756.3628,1.00278583630115
1943369341.73558,1.00278409765268
1952907512.36566,1.00278234190472
1962492496.89623,1.0027805688892
1972124525.09265,1.00277877843638
1981803827.84798,1.00277697037487
1991530637.18855,1.00277514453159
2001305186.27945,1.00277330073175
2011127709.43018,1.00277143879887
2020998442.10022,1.00276955855471
2030917620.90474,1.00276765981929
2040885483.62018,1.00276574241086
2050902269.19005,1.00276380614591
2060968217.73059,1.00276185083909
2071083570.53652,1.00275987630325
2081248570.08689,1.00275788234941
2091463460.05083,1.00275586878673
2101728485.2934,1.00275383542248
2112043891.88149,1.00275178206207
2122409927.0897,1.00274970850896
2132826839.40626,1.00274761456472
2143294878.53901,1.00274550002894
2153814295.42136,1.00274336469927
2164385342.21831,1.00274120837137
2175008272.33251,1.00273903083886
2185683340.41031,1.00273683189339
2196410802.34791,1.00273461132451
2207190915.29744,1.00273236891976
2218023937.67314,1.00273010446454
2228910129.15759,1.00272781774219
2239849750.70788,1.00272550853389
2250843064.56191,1.0027231766187
2261890334.24466,1.00272082177349
2272991824.57449,1.00271844377295
2284147801.66951,1.00271604238957
2295358532.95397,1.00271361739359
2306624287.16463,1.002711168553
2317945334.35725,1.00270869563352
2329321945.91301,1.00270619839858
2340754394.54508,1.00270367660926
2352242954.30507,1.00270113002432
2363787900.58972,1.00269855840015
2375389510.14739,1.00269596149074
2387048061.08473,1.00269333904769
2398763832.87339,1.00269069082014
2410537106.35664,1.00268801655478
2422368163.75618,1.00268531599581
2434257288.67884,1.00268258888492
2446204766.12346,1.00267983496129
2458210882.48762,1.0026770539615
2470275925.57457,1.00267424561958
2482400184.60012,1.00267140966695
2494583950.19957,1.00266854583238
2506827514.43468,1.00266565384198
2519131170.80063,1.0026627334192
2531495214.23316,1.00265978428476
2543919941.11551,1.00265680615663
2556405649.28561,1.00265379875003
2568952638.0432,1.0026507617774
2581561208.15699,1.00264769494833
2594231661.87189,1.00264459796959
2606964302.91622,1.00264147054507
2619759436.50907,1.00263831237574
2632617369.36752,1.00263512315966
2645538409.71404,1.00263190259191
2658522867.28388,1.00262865036461
2671571053.33249,1.00262536616684
2684683280.64298,1.00262204968464
2697859863.53361,1.00261870060097
2711101117.86536,1.00261531859567
2724407361.04943,1.00261190334548
2737778912.05494,1.00260845452394
2751216091.41648,1.00260497180141
2764719221.24188,1.00260145484499
2778288625.21989,1.00259790331856
2791924628.62792,1.00259431688267
2805627558.33987,1.00259069519458
2819397742.83399,1.00258703790815
2833235512.20068,1.00258334467389
2847141198.15045,1.00257961513886
2861115134.02187,1.00257584894667
2875157654.78955,1.00257204573744
2889269097.0722,1.00256820514778
2903449799.14065,1.00256432681071
2917700100.92598,1.00256041035568
2932020344.02768,1.0025564554085
2946410871.72183,1.00255246159132
2960872028.96934,1.00254842852259
2975404162.42418,1.00254435581703
2990007620.44175,1.00254024308558
3004682753.08717,1.00253608993536
3019429912.14373,1.00253189596966
3034249451.12127,1.0025276607879
3049141725.26468,1.00252338398554
3064107091.56243,1.0025190651541
3079145908.75509,1.00251470388112
3094258537.34394,1.00251029975007
3109445339.59966,1.00250585234037
3124706679.57096,1.0025013612273
3140042923.0933,1.00249682598201
3155454437.79771,1.00249224617143
3170941593.11956,1.00248762135827
3186504760.30743,1.00248295110094
3202144312.43201,1.00247823495356
3217860624.39504,1.00247347246586
3233654072.93833,1.00246866318318
3249525036.65272,1.0024638066464
3265473895.98723,1.00245890239193
3281501033.25811,1.00245394995163
3297606832.65806,1.00244894885278
3313791680.26543,1.00244389861804
3330055964.05344,1.00243879876541
3346400073.89954,1.00243364880816
3362824401.59469,1.00242844825482
3379329340.8528,1.0024231966091
3395915287.32015,1.00241789336987
3412582638.58486,1.00241253803108
3429331794.18645,1.00240713008175
3446163155.62538,1.00240166900591
3463077126.37276,1.00239615428253
3480074111.87989,1.0023905853855
3497154519.58809,1.00238496178356
3514318758.93839,1.00237928294027
3531567241.38143,1.00237354831394
3548900380.38722,1.00236775735758
3566318591.45515,1.00236190951886
3583822292.12389,1.00235600424008
3601411901.9814,1.00235004095804
3619087842.67502,1.00234401910409
3636850537.92155,1.00233793810399
3654700413.51742,1.00233179737791
3672637897.3489,1.00232559634035
3690663419.40232,1.00231933440009
3708777411.77447,1.00231301096015
3726980308.68285,1.00230662541771
3745272546.47612,1.00230017716406
3763654563.64459,1.00229366558456
3782126800.83069,1.00228709005856
3800689700.83954,1.00228044995936
3819343708.64963,1.00227374465414
3838089271.42335,1.0022669735039
3856926838.51785,1.00226013586341
3875856861.49572,1.00225323108114
3894879794.13585,1.0022462584992
3913996092.44431,1.0022392174533
3933206214.66527,1.00223210727264
3952510621.29199,1.0022249272799
3971909775.07788,1.00221767679115
3991404141.04753,1.00221035511578
4010994186.50792,1.00220296155645
4030680381.05961,1.00219549540903
4050463196.60796,1.00218795596251
4070343107.37448,1.00218034249895
4090320589.90822,1.00217265429342
4110396123.09711,1.00216489061392
4130570188.17953,1.00215705072132
4150843268.75576,1.00214913386926
4171215850.79968,1.00214113930416
4191688422.6703,1.00213306626504
4212261475.12355,1.00212491398354
4232935501.32404,1.00211668168381
4253710996.8568,1.00210836858243
4274588459.73931,1.00209997388837
4295568390.43327,1.00209149680287
4316651291.85671,1.00208293651942
4337837669.39601,1.00207429222363
4359128030.91798,1.0020655630932
4380522886.78216,1.00205674829783
4402022749.85286,1.00204784699911
4423628135.51162,1.00203885835049
4445339561.66949,1.00202978149719
4467157548.77944,1.0020206155761
4489082619.84888,1.0020113597157
4511115300.45216,1.00200201303601
4533256118.74318,1.00199257464849
4555505605.46802,1.00198304365595
4577864293.97777,1.00197341915248
4600332720.24117,1.00196370022336
4622911422.85754,1.00195388594496
4645600943.06969,1.0019439753847
4668401824.77687,1.00193396760092
4691314614.54781,1.0019238616428
4714339861.63389,1.00191365655028
4737478117.98217,1.001903351354
4760729938.24875,1.00189294507514
4784095879.81198,1.0018824367254
4807576502.78588,1.00187182530688
4831172370.03353,1.00186110981196
4854884047.18057,1.00185028922327
4878712102.62881,1.00183936251354
4902657107.56975,1.00182832864554
4926719635.99836,1.00181718657196
4950900264.7268,1.00180593523533
4975199573.39827,1.00179457356792
4999618144.50087,1.00178310049165
5024156563.3816,1.00177151491795
5048815418.26042,1.00175981574772
5073595300.24423,1.00174800187118
5098496803.34117,1.00173607216781
5123520524.47478,1.00172402550621
5148667063.49836,1.00171186074401
5173937023.20931,1.00169957672778
5199331009.36357,1.00168717229289
5224849630.69023,1.00167464626344
5250493498.90601,1.00166199745214
5276263228.72998,1.00164922466018
5302159437.89829,1.00163632667716
5328182747.17898,1.00162330228094
5354333780.38684,1.00161015023756
5380613164.39837,1.00159686930111
5407021529.16689,1.00158345821361
5433559507.73749,1.00156991570492
5460227736.2623,1.0015562404926
5487026854.01574,1.0015424312818
5513957503.40981,1.00152848676516
5541020330.0095,1.00151440562265
5568215982.54828,1.00150018652151
5595545112.94368,1.00148582811606
5623008376.31282,1.00147132904763
5650606430.98819,1.00145668794442
5678339938.53343,1.00144190342136
5706209563.75917,1.00142697408002
5734215974.73893,1.00141189850844
5762359842.82525,1.00139667528103
5790641842.66566,1.00138130295845
5819062652.21889,1.00136578008743
5847622952.77115,1.00135010520072
5876323428.95244,1.00133427681686
5905164768.75296,1.00131829344013
5934147663.53961,1.00130215356037
5963272808.07257,1.00128585565286
5992540900.52189,1.00126939817816
6021952642.48438,1.00125277958201
6051508739.00024,1.00123599829515
6081209898.57008,1.00121905273322
6111056833.17188,1.00120194129656
6141050258.27801,1.00118466237013
6171190892.87249,1.00116721432333
6201479459.46811,1.00114959550985
6231916684.12379,1.00113180426753
6262503296.46201,1.00111383891822
6293240029.68627,1.00109569776763
6324127620.59866,1.00107737910514
6355166809.61758,1.00105888120371
6386358340.79541,1.00104020231967
6417702961.83637,1.0010213406926
6449201424.11453,1.00100229454515
6480854482.69168,1.0009830620829
6512662896.33551,1.00096364149417
6544627427.53779,1.00094403094991
6576748842.53266,1.00092422860348
6609027911.31493,1.00090423259052
6641465407.65868,1.00088404102878
6674062109.13565,1.00086365201795
6706818797.13396,1.00084306363948
6739736256.87684,1.00082227395643
6772815277.44143,1.00080128101328
6806056651.77771,1.00078008283577
6839461176.7275,1.00075867743071
6873029653.04356,1.00073706278584
6906762885.40886,1.0007152368696
6940661682.45571,1.00069319763099
6974726856.78527,1.00067094299936
7008959224.98701,1.00064847088426
7043359607.65823,1.00062577917524
7077928829.42379,1.00060286574165
7112667718.95589,1.00057972843248
7147577108.99387,1.00055636507614
7182657836.36419,1.0005327734803
7217910742.00053,1.00050895143169
7253336670.9639,1.00048489669589
7288936472.46294,1.00046060701713
7324710999.87424,1.00043608011815
7360661110.76279,1.00041131369992
7396787666.90264,1.0003863054415
7433091534.29741,1.0003610529998
7469573583.20112,1.00033555400941
7506234688.13906,1.00030980608235
7543075727.92874,1.00028380680792
7580097585.70093,1.00025755375244
7617301148.92095,1.00023104445906
7654687309.40976,1.00020427644755
7692256963.36544,1.00017724721407
7730011011.3847,1.00014995423099
7767950358.4844,1.0001223949466
7806075914.12329,1.00009456678499
7844388592.22376,1.00006646714572
7882889311.19388,1.0000380934037
7921578993.94924,1.00000944290887
7960458567.93516,0.99998051298604
7999528965.14894,0.999951300934636
8038791122.16215,0.99992180402846
8078245980.14315,0.999892019515472
8117894484.87952,0.999861944617545
8157737586.80098,0.99983157653023
8197776241.00187,0.999800912422522
8238011407.26424,0.99976994943661
8278444050.08081,0.99973868468764
8319075138.67808,0.999707115263469
8359905647.03958,0.999675238224414
8400936553.92918,0.999643050603007
8442168842.91463,0.999610549403743
8483603502.391,0.999577731602824
8525241525.6046,0.999544594147908
8567083910.67654,0.999511133957845
8609131660.62679,0.999477347922425
8651385783.39822,0.999443232902112
8693847291.88069,0.999408785727779
8736517203.93549,0.999374003200448
8779396542.41954,0.999338882091014
8822486335.21003,0.999303419139981
8865787615.22902,0.999267611057189
8909301420.46824,0.999231454521535
8953028794.01391,0.999194946180703
8996970784.0718,0.999158082650879
9041128443.99234,0.999120860516475
9085502832.29582,0.999083276329841
9130095012.6979,0.999045326610985
9174906054.13494,0.99900700784728
9219937030.78974,0.998968316493178
9265189022.11722,0.998929248969914
9310663112.87035,0.998889801665216
9356360393.1261,0.998849970933004
9402281958.3117,0.998809753093094
9448428909.23068,0.998769144430896
9494802352.08946,0.998728141197109
9541403398.52373,0.998686739607415
9588233165.62518,0.998644935842174
9635292775.96827,0.998602726046108
9682583357.63704,0.998560106327993
9730106044.25237,0.998517072760341
9777861974.99893,0.998473621379082
9825852294.65256,0.998429748183246
9874078153.60776,0.998385449134639
9922540707.90523,0.998340720157516
9971241119.25958,0.998295557138258
10020180555.0872,0.99824995592504
10069360188.5341,0.998203912327498
10118781198.5045,0.998157422116395
10168444769.6884,0.998110481023286
10218352092.5904,0.998063084740175
10268504363.5583,0.998015228919175
10318902784.8115,0.997966909172165
10369548564.4701,0.997918121070438
10420442916.5835,0.997868860144358
10471587061.1601,0.997819121883003
10522982224.1959,0.997768901733813
10574629637.704,0.997718195102234
10626530539.7448,0.997666997351356
10678686174.4546,0.997615303801551
10731097792.0764,0.997563109730113
10783766648.9894,0.997510410370884
10836694007.739,0.997457200913891
10889881137.0675,0.997403476504969
10943329311.944,0.997349232245392
10997039813.5953,0.997294463191488
11051013929.5368,0.997239164354265
11105252953.6027,0.997183330699028
11159758185.9776,0.997126957144994
11214530933.2277,0.9970700385649
11269572508.3314,0.997012569784623
11324884230.7118,0.996954545582775
11380467426.2674,0.996895960690317
11436323427.4045,0.99683680979016
11492453573.0689,0.99677708751676
11548859208.7781,0.99671678845572
11605541686.6532,0.996655907143381
11662502365.4519,0.996594438066418
11719742610.6006,0.996532375661425
11777263794.2274,0.996469714314504
11835067295.1947,0.996406448360851
11893154499.1326,0.996342572084331
11951526798.4719,0.996278079717066
12010185592.4776,0.996212965439006
12069132287.2823,0.996147223377503
12128368295.9199,0.996080847606883
12187895038.3598,0.996013832148017
12247713941.5403,0.995946170967885
12307826439.4037,0.995877857979137
12368233972.9298,0.995808887039661
12428937990.171,0.995739251952136
12489939946.2866,0.995668946463589
12551241303.5781,0.995597964264951
12612843531.5242,0.995526298990605
12674748106.8154,0.995453944217937
12736956513.3905,0.995380893466878
12799470242.471,0.995307140199455
12862290792.5978,0.995232677819322
12925419669.6665,0.995157499671309
12988858386.9639,0.995081599040948
13052608465.2039,0.995004969154016
13116671432.5642,0.994927603176059
13181048824.7231,0.994849494211925
13245742184.8959,0.99477063530529
13310753063.8721,0.994691019438179
13376083020.0526,0.994610639530491
13441733619.4871,0.994529488439518
13507706435.9113,0.99444755895946
13574003050.7852,0.994364843820943
13640625053.3306,0.994281335690525
13707574040.5691,0.994197027170215
13774851617.3609,0.994111910796974
13842459396.4427,0.994025979042224
13910398998.4668,0.99393922431135
13978672052.0396,0.9938516389432
14047280193.7607,0.99376321520959
14116225068.2625,0.993673945314792
14185508328.2493,0.993583821395038
14255131634.5367,0.993492835518007
14325096656.0921,0.993400979682315
14395405070.0739,0.993308245817011
14466058561.8722,0.993214625781055
14537058825.1494,0.993120111362811
14608407561.88,0.99302469427952
14680106482.3922,0.992928366176794
14752157305.4086,0.992831118628083
14824561758.0872,0.992732943134161
14897321576.0632,0.992633831122598
14970438503.4903,0.992533773947233
15043914293.0826,0.992432762887651
15117750706.1566,0.992330789148648
15191949512.6735,0.992227843859704
15266512491.2817,0.99212391807445
15341441429.3589,0.992019002770132
15416738123.0559,0.99191308884708
15492404377.3386,0.991806167128166
15568442006.0322,0.991698228358269
15644852831.8639,0.991589263203736
15721638686.5072,0.991479262251841
15798801410.6256,0.99136821601024
15876342853.9164,0.991256114906435
15954264875.1556,0.991142949287222
16032569342.2421,0.991028709418153
16111258132.2424,0.990913385482987
16190333131.436,0.990796967583141
16269796235.3603,0.990679445737148
16349649348.8559,0.990560809880103
16429894386.1128,0.990441049863119
16510533270.7157,0.990320155452774
16591567935.6905,0.990198116330563
16673000323.5504,0.990074922092346
16754832386.3426,0.989950562247797
16837066085.6952,0.989825026219854
16919703392.864,0.989698303344169
17002746288.7797,0.989570382868553
17086196764.0957,0.989441253952426
17170056819.2356,0.989310905666267
17254328464.4411,0.98917932699106
17339013719.8205,0.989046506817745
17424114615.3967,0.988912433946666
17509633191.1562,0.988777097087021
17595571497.0977,0.988640484856312
17681931593.2816,0.988502585779796
17768715549.8792,0.988363388289936
17855925447.2221,0.988222880725853
17943563375.8526,0.98808105133278
18031631436.5732,0.987937888261517
18120131740.4975,0.987793379567883
18209066409.1005,0.987647513212175
18298437574.2694,0.987500277058628
18388247378.3551,0.987351658874869
18478497974.2229,0.987201646331383
18569191525.3048,0.987050227000975
18660330205.651,0.986897388358231
18751916199.982,0.986743117778989
18843951703.7411,0.986587402539807
18936438923.1467,0.986430229817432
19029380075.2459,0.986271586688275
19122777387.9669,0.986111460127887
19216633100.1727,0.985949837010437
19310949461.7149,0.985786704108195
19405728733.4874,0.985622048091013
19500973187.4808,0.985455855525816
19596685106.8367,0.985288112876093
19692866785.9024,0.98511880650139
19789520530.2863,0.984947922656805
19886648656.9123,0.984775447492496
19984253494.0766,0.984601367053182
20082337381.5023,0.984425667277653
20180902670.3962,0.984248333998286
20279951723.5049,0.984069352940562
20379486915.1715,0.983888709722589
20479510631.3926,0.983706389854629
20580025269.8752,0.983522378738634
20681033240.0947,0.983336661667779
20782536963.3521,0.98314922382601
20884538872.8323,0.98296005028759
20987041413.6627,0.982769126016655
21090047042.9711,0.982576435866773
21193558229.9453,0.982381964580514
21297577455.8919,0.98218569678902
21402107214.2961,0.981987617011584
21507150010.8811,0.981787709655242
21612708363.6682,0.98158595901436
21718784803.0376,0.981382349270238
21825381871.7885,0.981176864490718
21932502125.2005,0.980969488629803
22040148131.0946,0.980760205527273
22148322469.8947,0.980548998908325
22257027734.6897,0.980335852383208
22366266531.2956,0.980120749446879
22476041478.3178,0.979903673478652
22586355207.2138,0.979684607741871
22697210362.3567,0.979463535383588
22808609601.0982,0.979240439434243
22920555593.8326,0.979015302807367
23033051024.0606,0.978788108299284
23146098588.4534,0.978558838588829
23259700996.918,0.978327476237077
23373860972.6616,0.978094003687081
23488581252.257,0.977858403263621
23603864585.7085,0.977620657172966
23719713736.5172,0.977380747502649
23836131481.7481,0.977138656221251
23953120612.0958,0.976894365178199
24070683931.952,0.976647856103578
24188824259.4724,0.976399110607957
24307544426.6445,0.976148110182221
24426847279.3551,0.975894836197427
24546735677.4593,0.975639269904667
24667212494.8481,0.975381392434947
24788280619.5177,0.975121184799085
24909942953.6391,0.974858627887615
25032202413.6269,0.974593702470715
25155061930.21,0.974326389198147
25278524448.5012,0.974056668599212
25402592928.0684,0.973784521082723
25527270343.0048,0.973509926936995
25652559682.0012,0.973232866329852
25778463948.4166,0.972953319308649
25904986160.3507,0.972671265800314
26032129350.7166,0.97238668561141
26159896567.3125,0.972099558428212
26288290872.896,0.971809863816802
26417315345.2565,0.971517581223189
26546973077.2894,0.971222689973443
26677267177.0704,0.970925169273853
26808200767.9297,0.970624998211102
26939776988.5269,0.970322155752463
27071998992.9265,0.970016620746022
27204869950.6732,0.969708371920914
27338393046.868,0.969397387887587
27472571482.2448,0.969083647138086
27607408473.2466,0.968767128046361
27742907252.1031,0.968447808868598
27879071066.9078,0.968125667743571
28015903181.6961,0.967800682693023
28153406876.5234,0.967472831622067
28291585447.5441,0.967142092319612
28430442207.09,0.966808442458822
28569980483.7502,0.966471859597587
28710203622.4505,0.966132321179033
28851114984.5341,0.965789804532051
28992717947.8416,0.965444286871857
29135015906.7923,0.965095745300576
29278012272.4656,0.964744156807858
29421710472.6826,0.964389498271517
29566113952.0886,0.964031746458207
29711226172.2349,0.963670878024115
29857050611.6627,0.963306869515698
30003590765.986,0.962939697370439
30150850147.9753,0.962569337917637
30298832287.6424,0.962195767379233
30447540732.3243,0.961818961870657
30596979046.7684,0.961438897401717
30747150813.2184,0.961055549877516
30898059631.4997,0.960668895099402
31049709119.1059,0.960278908765949
31202102911.2854,0.959885566473978
31355244661.1286,0.959488843719609
31509138039.6558,0.959088715899341
31663786735.9045,0.958685158311181
31819194457.0184,0.958278146155796
31975364928.3359,0.957867654537707
32132301893.4797,0.957453658466522
32290009114.4466,0.957036132858194
32448490371.6972,0.956615052536334
32607749464.247,0.956190392233549
32767790209.7572,0.955762126592819
32928616444.6264,0.955330230168921
33090232024.0823,0.954894677429884
33252640822.2745,0.954455442758486
33415846732.3669,0.954012500453794
33579853666.6315,0.95356582473274
33744665556.542,0.953115389731742
33910286352.8678,0.952661169508363
34076720025.7691,0.952203138043015
34243970564.8916,0.951741269240702
34412041979.4625,0.951275536932811
34580938298.3869,0.950805914878935
34750663570.3436,0.950332376768756
34921221863.8827,0.949854896223958
35092617267.5229,0.949373446800187
35264853889.8497,0.948888001989064
35437935859.6136,0.948398535220234
35611867325.8294,0.947905019863461
35786652457.8756,0.947407429230777
35962295445.594,0.946905736578668
36138800499.3904,0.946399915110309
36316171850.3359,0.945889937977853
36494413750.2676,0.945375778284755
36673530471.8909,0.944857409088156
36853526308.8818,0.944334803401306
37034405575.9904,0.943807934196039
37216172609.1433,0.943276774405298
37398831765.5483,0.942741296925707
37582387423.7985,0.94220147462019
37766843983.9777,0.941657280320646
37952205867.7651,0.941108686830667
38138477518.5423,0.940555666928309
38325663401.4987,0.939998193368918
38513768003.74,0.939436238887993
38702795834.3935,0.93886977620412
38892751424.7189,0.938298778021937
39083639328.215,0.937723217035162
39275464120.7294,0.93714306592967
39468230400.5682,0.936558297386621
39661942788.6064,0.935968884085639
39856605928.3987,0.935374798708044
40052224486.2904,0.934776013940137
40248803151.5293,0.934172502476533
40446346636.3787,0.933564237023555
40644859676.2298,0.932951190302665
40844347029.7153,0.932333335053968
41044813478.8237,0.931710644039749
41246263829.0135,0.931083090048075
41448702909.3291,0.930450645896444
41652135572.516,0.92981328443549
41856566695.1369,0.929170978552734
42062001177.6893,0.928523701176396
42268443944.7225,0.927871425279256
42475899944.956,0.927214123882559
42684374151.3977,0.926551770059991
42893871561.4632,0.925884336941686
43104397197.096,0.925211797718299
43315956104.8874,0.924534125645128
43528553356.1977,0.92385129404628
43742194047.2777,0.923163276318902
43956883299.391,0.922470045937448
44172626258.9365,0.921771576458011
44389428097.5723,0.921067841522693
44607294012.3389,0.920358814864033
44826229225.7842,0.919644470309485
45046238986.0889,0.918924781785941
45267328567.192,0.918199723324306
45489503268.917,0.917469269064122
45712768417.0999,0.916733393258238
45937129363.7157,0.91599207027753
46162591487.0072,0.915245274615671
46389160191.6142,0.914492980893938
46616840908.7026,0.913735163866078
46845639096.0948,0.912971798423209
47075560238.4006,0.912202859598773
47306609847.1485,0.911428322573529
47538793460.9178,0.910648162680596
47772116645.4719,0.909862355410525
48006584993.8909,0.909070876416436
48242204126.7061,0.908273701519172
48478979692.0348,0.907470806712512
48716917365.7153,0.906662168168415
48956022851.444,0.905847762242306
49196301880.9106,0.905027565478397
49437760213.9366,0.904201554615053
49680403638.6129,0.903369706590184
49924237971.4389,0.902531998546679
50169269057.4615,0.901688407837876
50415502770.4156,0.900838912033056
50662945012.8644,0.899983488922983
50911601716.3422,0.899122116525458
51161478841.4939,0.898254773090925
51412582378.2215,0.89738143710808
51664918345.8244,0.896502087309529
51918492793.1455,0.895616702677465
52173311798.7166,0.894725262449362
52429381470.9014,0.893827746123709
52686707948.0458,0.892924133465749
52945297398.6219,0.892014404513254
53205156021.3774,0.89109853958231
53466290045.4837,0.890176519273126
53728705730.6853,0.889248324475853
53992409367.4501,0.888313936376424
54257407277.1198,0.887373336462409
54523705812.0615,0.886426506528877
54791311355.8206,0.885473428684266
55060230323.2729,0.884514085356276
55330469160.7787,0.883548459297752
55602034346.3378,0.882576533592584
55874932389.7437,0.881598291661608
56149169832.7415,0.880613717268501
56424753249.1825,0.879622794525695
56701689245.1834,0.878625507900269
56979984459.2839,0.877621842219848
57259645562.606,0.876611782678498
57540679259.0142,0.875595314842611
57823092285.2757,0.874572424656776
58106891411.2224,0.873543098449651
58392083439.9124,0.872507322939808
58678675207.7946,0.871465085241575
58966673584.8707,0.870416372870853
59256085474.861,0.869361173750919
59546917815.3699,0.868299476218202
59839177578.0514,0.867231269028043
60132871768.7777,0.86615654136042
60428007427.8055,0.865075282825657
60724591629.9457,0.863987483470095
61022631484.7329,0.862893133781732
61322134136.5954,0.861792224695833
61623106765.0271,0.860684747600496
61925556584.7592,0.859570694342188
62229490845.9331,0.858450057231237
62534916834.2744,0.857322829047277
62841841871.2672,0.85618900304465
63150273314.3308,0.855048572957764
63460218556.994,0.853901533006396
63771685029.0742,0.852747877900945
64084680196.8543,0.85158760284763
64399211563.2623,0.850420703553628
64715286668.0515,0.849247176232156
65032913087.9803,0.848067017607493
65352098436.9941,0.846880224919934
65672850366.4083,0.845686795930677
65995176565.0913,0.844486728926643
66319084759.6491,0.843280022725227
66644582714.6099,0.842066676678972
66971678232.6109,0.840846690680168
67300379154.5856,0.839620065165369
67630693359.9504,0.838386801119842
67962628766.7949,0.837146900081915
68296193332.0709,0.835900364147255
68631395051.7833,0.83464719597305
68968241961.1827,0.833387398782099
69306742134.9554,0.832120976366826
69646903687.4209,0.830847933093171
69988734772.7227,0.829568273904412
70332243585.0258,0.828282004324873
70677438358.7128,0.826989130463534
71024327368.5809,0.825689659017536
71372918930.0406,0.824383597275582
71723221399.3149,0.823070953121231
72075243173.6393,0.82175173503608
72428992691.4644,0.820425952102831
72784478432.6562,0.819093614008252
73141708918.7008,0.817754731046012
73500692712.9082,0.816409314119404
73861438420.6173,0.815057374743947
74223954689.4034,0.813698925049857
74588250209.2838,0.81233397778441
74954333712.9271,0.810962546314164
75322213975.8625,0.809584644627059
75691899816.6898,0.808200287334386
76063400097.2911,0.806809489672626
76436723723.0433,0.805412267505152
76811879643.0309,0.804008637323801
77188876850.2619,0.8025986162503
77567724381.8818,0.801182222037569
77948431319.3912,0.799759473070865
78331006788.8631,0.798330388368804
78715459961.1616,0.796894987584223
79101800052.1628,0.795453291004905
79490036322.9741,0.794005319554167
79880178080.157,0.792551094791285
80272234675.9504,0.791090638911779
80666215508.4944,0.789623974747555
81062130022.0557,0.788151125766882
81459987707.2541,0.78667211607423
81859798101.2899,0.785186970409953
82261570788.1725,0.783695714149812
82665315398.9498,0.782198373304355
83071041611.9407,0.780694974518129
83478759152.9645,0.779185545068749
83888477795.576,0.777670112865806
84300207361.2991,0.776148706449611
84713957719.8618,0.774621354989796
85129738789.4346,0.77308808828374
85547560536.8658,0.771548936754853
85967432977.9219,0.770003931450694
86389366177.5274,0.768453104040928
86813370250.0061,0.766896486815128
87239455359.3234,0.765334112680418
87667631719.33,0.763766015158955
88097909594.007,0.762192228385253
88530299297.7111,0.760612787103352
88964811195.4237,0.759027726663819
89401455702.997,0.757437083020601
89840243287.4052,0.755840892727719
90281184466.9951,0.754239192935795
90724289811.7375,0.752632021388434
91169569943.4827,0.75101941641844
91617035536.2124,0.749401416943887
92066697316.2971,0.747778062464026
92518566062.7531,0.746149393055043
92972652607.5008,0.744515449365658
93428967835.6241,0.742876272612584
93887522685.6317,0.74123190457582
94348328149.7186,0.739582387593807
94811395274.0318,0.737927764558422
95276735158.9308,0.736268078909846
95744358959.2587,0.734603374631258
96214277884.6061,0.732933696243408
96686503199.5811,0.731259088799033
97161046224.079,0.72957959787714
97637918333.5538,0.727895269577146
98117130959.2917,0.726206150512871
98598695588.6834,0.724512287806414
99082623765.5007,0.722813729081879
99568927090.1727,0.72111052245897
100057617220.065,0.719402716546465
100548705869.756,0.717690360435549
101042204811.323,0.715973503693028
101538125874.618,0.714252196354423
102036480947.559,0.712526488916925
102537281976.406,0.710796432332254
103040540966.055,0.709062077999381
103546269980.321,0.707323477757147
104054481142.229,0.705580683876762
104565186634.306,0.703833749054196
105078398698.872,0.702082726402472
105594129638.329,0.700327669443838
106112391815.464,0.698568632101851
106633197653.74,0.696805668693356
107156559637.595,0.695038833920366
107682490312.74,0.693268182861855
108211002286.464,0.691493770965457
108742108227.931,0.689715654039072
109275820868.487,0.687933888242399
109812153001.963,0.686148530078377
110351117484.986,0.684359636384551
110892727237.279,0.682567264324365
111436995241.981,0.680771471378368
111983934545.948,0.678972315335383
112533558260.076,0.677169854283563
113085879559.607,0.67536414660143
113640911684.447,0.67355525094882
114198667939.486,0.671743226257793
114759161694.916,0.669928131723474
115322406386.547,0.668110026794854
115888415516.136,0.666288971165543
116457202651.707,0.66446502476447
117028781427.877,0.662638247746554
117603165546.18,0.660808700483333
118180368775.4,0.658976443553561
118760404951.899,0.657141537733767
119343287979.948,0.655304043988803
119929031832.062,0.653464023462343
120517650549.332,0.651621537467394
121109158241.766,0.64977664747676
121703569088.623,0.647929415113509
122300897338.754,0.646079902141424
122901157310.946,0.644228170455452
123504363394.263,0.642374282072136
124110530048.391,0.640518299120064
124719671803.984,0.63866028383031
125331803263.016,0.636800298526874
125946939099.126,0.634938405617154
126565094057.972,0.633074667582407
127186282957.587,0.631209146968235
127810520688.728,0.629341906375093
128437822215.241,0.62747300844881
129068202574.412,0.625602515871144
129701676877.333,0.62373049135036
130338260309.26,0.621856997611841
130977968129.981,0.619982097388727
131620815674.18,0.618105853412602
132266818351.803,0.616228328404211
132915991648.43,0.614349585064227
133568351125.644,0.612469686064058
134223912421.407,0.610588694036708
134882691250.433,0.608706671567681
135544703404.562,0.606823681185952
136209964753.145,0.604939785354984
136878491243.417,0.603055046463808
137550298900.886,0.601169526818169
138225403829.712,0.599283288631722
138903822213.097,0.59739639401732
139585570313.67,0.595508904978353
140270664473.877,0.593620883400157
140959121116.376,0.591732391041515
141650956744.427,0.589843489526217
142346187942.289,0.587954240334706
143044831375.617,0.586064704795813
143746903791.864,0.584174944078554
144452422020.678,0.582285019184041
145161402974.31,0.580394990937457
145873863648.016,0.578504919980129
146589821120.464,0.576614866761697
147309292554.151,0.574724891532365
148032295195.802,0.572835054335261
148758846376.793,0.570945414998883
149488963513.564,0.569056033129646
150222664108.034,0.567166968104531
150959965748.025,0.565278279063836
151700886107.677,0.563390024904027
152445442947.879,0.561502264270699
153193654116.693,0.559615055551628
153945537549.775,0.557728456869963
154701111270.815,0.555842526077483
155460393391.962,0.553957320748
156223402114.261,0.552072898170853
156990155728.088,0.550189315344524
157760672613.592,0.548306628970359
158534971241.13,0.546424895446406
159313070171.713,0.544544170861374
160094988057.453,0.542664510988699
160880743642.003,0.540785971280728
161670355761.016,0.538908606863026
162463843342.588,0.537032472528793
163261225407.717,0.535157622733404
164062521070.755,0.533284111589071
164867749539.872,0.531411992859609
165676930117.51,0.52954131995535
166490082200.849,0.527672145928148
167307225282.272,0.525804523466519
168128378949.83,0.523938504890906
168953562887.718,0.522074142149047
169782796876.736,0.52021148681149
170616100794.774,0.518350590067205
171453494617.282,0.516491502719329
172294998417.75,0.514634275181036
173140632368.192,0.512778957471515
173990416739.625,0.510925599212082
174844371902.558,0.509074249622408
175702518327.481,0.507224957516863
176564876585.354,0.505377771300986
177431467348.1,0.503532738968081
178302311389.1,0.501689908095915
179177429583.693,0.499849325843554
180056842909.676,0.498011038948307
180940572447.805,0.496175093722792
181828639382.303,0.494341536052117
182721065001.365,0.492510411391184
183617870697.67,0.490681764762106
184519077968.895,0.48885564075174
185424708418.226,0.487032083509335
186334783754.882,0.485211136744296
187249325794.63,0.483392843724061
188168356460.31,0.481577247272096
189091897782.361,0.479764389765992
190019971899.35,0.477954313135678
190952601058.499,0.476147058861754
191889807616.223,0.47434266797392
192831614038.662,0.472541181049519
193778042902.221,0.47074263821219
194729116894.113,0.468947079130617
195684858812.9,0.467154543017407
196645291569.04,0.465365068628043
197610438185.439,0.463578694259963
198580321797.997,0.461795457751729
199554965656.171,0.460015396482303
200534393123.525,0.45823854737042
201518627678.292,0.456464946874063
202507692913.941,0.454694630990029
203501612539.735,0.452927635253601
204500410381.307,0.451163994738308
205504110381.224,0.449403744055779
206512736599.567,0.447646917355695
207526313214.506,0.445893548325821
208544864522.876,0.444143670192151
209568414940.766,0.442397315719107
210596989004.096,0.440654517209858
211630611369.215,0.438915306506708
212669306813.482,0.437179714991572
213713100235.867,0.435447773586535
214762016657.546,0.433719512754492
215816081222.5,0.431994962499874
216875319198.116,0.430274152369449
217939755975.799,0.428557111453191
219009417071.574,0.426843868385249
220084328126.7,0.425134451344969
221164514908.285,0.423428888057998
222250003309.902,0.421727205797463
223340819352.216,0.420029431385211
224436989183.599,0.418335591193133
225538539080.761,0.41664571114454
226645495449.379,0.414959816715619
227757884824.734,0.413277932936942
228875733872.339,0.411600084395049
229999069388.588,0.409926295234088
231127918301.388,0.408256589157515
232262307670.815,0.406590989429854
233402264689.753,0.404929518878521
234547816684.554,0.403272199895695
235698991115.685,0.40161905444025
236855815578.394,0.399970104039741
238018317803.369,0.398325369792434
239186525657.397,0.396684872369406
240360467144.042,0.395048632016673
241540170404.308,0.39341666855738
242725663717.318,0.391789001394033
243916975500.99,0.390165649510778
245114134312.719,0.388546631475723
246317168850.062,0.386931965443304
247526107951.423,0.385321669156695
248740980596.749,0.383715759950253
249961815908.223,0.382114254752003
251188643150.958,0.380517170086168
